"船名","物料名称","待卸量","合同号_合同简码","采购订单号_合同编码","采购订单行项目号","数据状态","在途开始时间","在途结束时间","履历时间","物料品名代码","采购物料代码","合同编码","关联状态","收货单位"
林登,气煤|进口|俄罗斯|埃尔加,"0","2411848","4500122290","10",完成,,"2024-08-27 10:36:55","2026-09-08 00:00:00",G3MMQQ8,A2MMQQM1,"4500122290",已匹配,焦化厂
东方港,主焦煤|1级|进口|美国|橡树岭,"59450.451","2411851","4500122550","10",完成,,"2024-09-03 08:53:47","2026-09-08 00:00:00",G3MMZJMD,A2MMZJM1,"4500122550",已匹配,焦化厂
芭芭拉,主焦煤|1级|进口|加拿大|瑞峰,"0","2411845","4500122725","10",完成,,"2024-09-15 09:37:44","2026-09-08 00:00:00",G3MMZJC,A2MMZJM1,"4500122725",已匹配,焦化厂
迪特里希,主焦煤|1级|进口|加拿大|瑞峰,"30000","2411856","4500124582","10",完成,,"2024-10-10 12:29:09","2026-09-08 00:00:00",G3MMZJC,A2MMZJM1,"4500124582",已匹配,焦化厂
玛丽安,主焦煤|1级|进口|加拿大|斯坦达,"50000","2411865","4500125605","10",完成,,"2024-10-15 16:53:43","2026-09-08 00:00:00",G3MMZJA,A2MMZJM1,"4500125605",已匹配,焦化厂
玛丽,主焦煤|3级|进口,"7000","2411881","4500125612","10",完成,,,"2026-09-08 00:00:00",G3MMZJG,A2MMZJM4,"4500125612",已匹配,焦化厂
华德209,主焦煤|3级|进口|澳大利亚,"7496","2411897","4500126576","10",完成,,"2024-10-23 11:15:50","2026-09-08 00:00:00",G3MMZJN,A2MMZJM3,"4500126576",已匹配,焦化厂
华德209,主焦煤|3级|进口|澳大利亚,"7496","2411897","4500126576","10",完成,,"2024-10-23 11:15:50","2026-09-08 00:00:00",G3MMZJN,A2MMZJM4,"4500128309",已匹配,焦化厂
华德209,主焦煤|3级|进口|澳大利亚,"7496","2411897","4500126576","10",完成,,"2024-10-23 11:15:50","2026-09-08 00:00:00",G3MMZJN,A2MMZJM3,"4500126786",已匹配,焦化厂
嘉鸿33,主焦煤|3级|进口|澳大利亚,"7444","2411897","4500126786","10",完成,"2024-10-22 10:38:48","2024-10-22 16:18:18","2026-09-08 00:00:00",G3MMZJN,A2MMZJM3,"4500126786",已匹配,焦化厂
嘉鸿33,主焦煤|3级|进口|澳大利亚,"7444","2411897","4500126786","10",完成,"2024-10-22 10:38:48","2024-10-22 16:18:18","2026-09-08 00:00:00",G3MMZJN,A2MMZJM4,"4500128309",已匹配,焦化厂
嘉鸿33,主焦煤|3级|进口|澳大利亚,"7444","2411897","4500126786","10",完成,"2024-10-22 10:38:48","2024-10-22 16:18:18","2026-09-08 00:00:00",G3MMZJN,A2MMZJM3,"4500126576",已匹配,焦化厂
乌利维亚,"1/3焦煤|3级|进口|澳洲|Dawson","20000","2411900","4500126798","10",完成,"2024-10-23 08:24:38","2024-10-23 08:25:03","2026-09-08 00:00:00",G3MMSYF,A2MMSYM3,"4500126798",已匹配,焦化厂
兴宁75,气煤|进口|E|AEJ,"10000","2411903","4500126854","10",完成,"2024-10-23 08:13:25","2024-10-23 17:13:25","2026-09-08 00:00:00",G3MMQQD,A2MMQQM1,"4500126854",已匹配,焦化厂
阿兰,肥煤|进口|美国|Alpha,"9900","2411905","4500126909","10",完成,,,"2026-09-08 00:00:00",G3MMFF5,A2MMFFM2,"4500126909",已匹配,焦化厂
锦航力量,肥煤|进口|美国|Alpha,"9958","2411889","4500126960","10",完成,,"2024-10-28 10:51:39","2026-09-08 00:00:00",G3MMFF5,A2MMFFM2,"4500126960",已匹配,焦化厂
伊甸园,肥煤|进口|美国|Mountain Laurel,"10000","2411911","4500127370","10",完成,"2024-10-24 15:24:27","2024-10-24 17:16:43","2026-09-08 00:00:00",G3MMFF6,A2MMFFM2,"4500127370",已匹配,焦化厂
新顺祥,主焦煤|3级|进口|澳洲|Daunia,"22300","2411913","4500127420","10",完成,"2024-10-24 08:45:01","2024-11-01 15:17:41","2026-09-08 00:00:00",G3MMZJMH,A2MMZJM3,"4500127420",已匹配,焦化厂
新顺祥,主焦煤|3级|进口|澳洲|Daunia,"22300","2411913","4500127420","10",完成,"2024-11-01 11:40:49","2024-11-01 15:17:41","2026-09-08 00:00:00",G3MMZJMH,A2MMZJM3,"4500127420",已匹配,焦化厂
查理,"1/3焦煤|3级|进口|澳洲|Dawson","37052","2411915","4500127477","10",完成,,,"2026-09-08 00:00:00",G3MMSYF,A2MMSYM3,"4500127477",已匹配,焦化厂
锐进吉祥,瘦煤|国内,"14000","2411615","4500127928","10",完成,"2024-12-20 08:59:08","2024-12-20 08:59:37","2026-09-08 00:00:00",G3MMSS1,A2MMSSM1,"4500127598",已匹配,焦化厂
锐进吉祥,瘦煤|国内,"14000","2411615","4500127928","10",完成,"2024-12-20 08:59:08","2024-12-20 08:59:37","2026-09-08 00:00:00",G3MMSS1,A2MMSSM1,"4500115470",已匹配,焦化厂
锐进吉祥,瘦煤|国内,"14000","2411615","4500127928","10",完成,"2024-12-20 08:59:08","2024-12-20 08:59:37","2026-09-08 00:00:00",G3MMSS1,A2MMSSM1,"4500123901",已匹配,焦化厂
锐进吉祥,瘦煤|国内,"14000","2411615","4500127928","10",完成,"2024-12-20 08:59:08","2024-12-20 08:59:37","2026-09-08 00:00:00",G3MMSS1,A2MMJPS1,"4500127928",已匹配,焦化厂
锐进吉祥,瘦煤|国内,"14000","2411615","4500127928","10",完成,"2024-12-20 08:59:08","2024-12-20 08:59:37","2026-09-08 00:00:00",G3MMSS1,A2MMSSM1,"4500130701",已匹配,焦化厂
锐进吉祥,瘦煤|国内,"14000","2411615","4500127928","10",完成,"2024-12-20 08:59:08","2024-12-20 08:59:37","2026-09-08 00:00:00",G3MMSS1,A2MMSSM1,"4500118269",已匹配,焦化厂
锐进吉祥,瘦煤|国内,"14000","2411615","4500127928","10",完成,"2024-12-20 08:59:08","2024-12-20 08:59:37","2026-09-08 00:00:00",G3MMSS1,A2MMSSM1,"4500122577",已匹配,焦化厂
锐进吉祥,瘦煤|国内,"14000","2411615","4500127928","10",完成,"2024-12-20 08:59:08","2024-12-20 08:59:37","2026-09-08 00:00:00",G3MMSS1,A2MMSSM1,"4500102015",已匹配,焦化厂
锐进吉祥,瘦煤|国内,"14000","2411615","4500127928","10",完成,"2024-12-20 08:59:08","2024-12-20 08:59:37","2026-09-08 00:00:00",G3MMSS1,A2MMJPS1,"4500139232",已匹配,焦化厂
锐进吉祥,瘦煤|国内,"14000","2411615","4500127928","10",完成,"2024-12-20 08:59:08","2024-12-20 08:59:37","2026-09-08 00:00:00",G3MMSS1,A2MMSSM1,"4500124795",已匹配,焦化厂
锐进吉祥,瘦煤|国内,"14000","2411615","4500127928","10",完成,"2024-12-20 08:59:08","2024-12-20 08:59:37","2026-09-08 00:00:00",G3MMSS1,A2MMSSM1,"4500125700",已匹配,焦化厂
锐进吉祥,瘦煤|国内,"14000","2411615","4500127928","10",完成,"2024-12-20 08:59:08","2024-12-20 08:59:37","2026-09-08 00:00:00",G3MMSS1,A2MMSSM1,"4500112445",已匹配,焦化厂
锐进吉祥,瘦煤|国内,"14000","2411615","4500127928","10",完成,"2024-12-20 08:59:08","2024-12-20 08:59:37","2026-09-08 00:00:00",G3MMSS1,A2MMSSM1,"4500109666",已匹配,焦化厂
锐进吉祥,瘦煤|国内,"14000","2411615","4500127928","10",完成,"2024-12-20 08:59:08","2024-12-20 08:59:37","2026-09-08 00:00:00",G3MMSS1,A2MMSSM1,"4500120525",已匹配,焦化厂
锐进吉祥,瘦煤|国内,"14000","2411615","4500127928","10",完成,"2024-12-20 08:59:08","2024-12-20 08:59:37","2026-09-08 00:00:00",G3MMSS1,A2MMSSM1,"4500110782",已匹配,焦化厂
锐进吉祥,瘦煤|国内,"14000","2411615","4500127928","10",完成,"2024-12-20 08:59:08","2024-12-20 08:59:37","2026-09-08 00:00:00",G3MMSS1,A2MMSSM1,"4500129910",已匹配,焦化厂
锐进吉祥,瘦煤|国内,"14000","2411615","4500127928","10",完成,"2024-12-20 08:59:08","2024-12-20 08:59:37","2026-09-08 00:00:00",G3MMSS1, ,"4500145928",已匹配,焦化厂
锐进吉祥,瘦煤|国内,"14000","2411615","4500127928","10",完成,"2024-12-20 08:59:08","2024-12-20 08:59:37","2026-09-08 00:00:00",G3MMSS1,A2MMSSM1,"4500118108",已匹配,焦化厂
锐进吉祥,瘦煤|国内,"14000","2411615","4500127928","10",完成,"2024-12-20 08:59:08","2024-12-20 08:59:37","2026-09-08 00:00:00",G3MMSS1,A2MMSSM1,"4500104707",已匹配,焦化厂
锐进吉祥,瘦煤|国内,"14000","2411615","4500127928","10",完成,"2024-12-20 08:59:08","2024-12-20 08:59:37","2026-09-08 00:00:00",G3MMSS1, ,"4500145929",已匹配,焦化厂
锐进吉祥,瘦煤|国内,"14000","2411615","4500127928","10",完成,"2024-12-20 08:59:08","2024-12-20 08:59:37","2026-09-08 00:00:00",G3MMSS1, ,"4500139213",已匹配,焦化厂
新港,主焦煤|3级|进口|澳洲|Daunia,"20000","2411926","4500127965","10",完成,"2024-11-01 14:29:33",,"2026-09-08 00:00:00",G3MMZJMH,A2MMZJM3,"4500127965",已匹配,焦化厂
兴宁75,气煤|进口|E|AEJ,"6700","2411910","4500127973","10",完成,"2024-11-01 17:23:59","2024-09-27 17:40:26","2026-09-08 00:00:00",G3MMQQD,A2MMQQM1,"4500127973",已匹配,焦化厂
勇士,主焦煤|1级|进口|美国|橡树岭,"10000","2411922","4500127975","10",完成,"2024-11-07 17:56:37","2024-11-06 09:47:46","2026-09-08 00:00:00",G3MMZJMD,A2MMZJM1,"4500127975",已匹配,焦化厂
海豚103,炼焦贫瘦煤|进口|澳洲,"10000","2411924","4500127995","10",完成,"2024-11-13 18:37:28","2024-11-17 20:22:16","2026-09-08 00:00:00",G3MMJPS3,A2MMSSM1,"4500127995",已匹配,焦化厂
嘉鸿31,主焦煤|3级|进口|澳大利亚,"6965","2411897","4500128309","10",完成,"2024-11-10 20:21:00","2024-11-11 09:12:57","2026-09-08 00:00:00",G3MMZJN,A2MMZJM3,"4500126576",已匹配,焦化厂
嘉鸿31,主焦煤|3级|进口|澳大利亚,"6965","2411897","4500128309","10",完成,"2024-11-10 20:21:00","2024-11-11 09:12:57","2026-09-08 00:00:00",G3MMZJN,A2MMZJM3,"4500126786",已匹配,焦化厂
嘉鸿31,主焦煤|3级|进口|澳大利亚,"6965","2411897","4500128309","10",完成,"2024-11-10 20:21:00","2024-11-11 09:12:57","2026-09-08 00:00:00",G3MMZJN,A2MMZJM4,"4500128309",已匹配,焦化厂
名古屋,主焦煤|1级|进口|加拿大|瑞峰,"18500","2411929","4500128797","10",完成,"2024-11-28 09:13:03","2024-11-29 20:30:49","2026-09-08 00:00:00",G3MMZJC,A2MMZJM1,"4500128797",已匹配,焦化厂
,主焦煤|1级|进口|加拿大|瑞峰,"35000","2411929","4500128797","10",完成,,,"2026-09-08 00:00:00",G3MMZJC,A2MMZJM1,"4500128797",已匹配,焦化厂
新港,主焦煤|3级|进口|澳洲|Daunia,"20000","2411945","4500129034","10",完成,"2024-11-15 10:44:24","2024-11-14 17:34:37","2026-09-08 00:00:00",G3MMZJMH,A2MMZJM3,"4500129034",已匹配,焦化厂
天使,主焦煤|1级|进口|美国|橡树岭,"36092","2411947","4500129104","10",完成,"2024-11-15 18:49:11","2024-12-20 08:45:37","2026-09-08 00:00:00",G3MMZJMD,A2MMZJM1,"4500129104",已匹配,焦化厂
永梅,主焦煤|1级|进口|加拿大|瑞文,"20000","2411951","4500129253","10",完成,"2024-11-18 21:37:18","2024-08-30 09:19:03","2026-09-08 00:00:00",G3MMZJJ,A2MMZJM1,"4500129253",已匹配,焦化厂
同德188,气煤|进口|E|AEJ,"10000","2411952","4500129298","10",完成,"2024-11-19 15:01:40","2024-11-15 15:14:52","2026-09-08 00:00:00",G3MMQQD,A2MMQQM1,"4500129298",已匹配,焦化厂
同德188,气煤|进口|E|AEJ,"10000","2411952","4500129298","10",完成,"2024-11-29 15:20:18","2024-11-29 15:20:44","2026-09-08 00:00:00",G3MMQQD,A2MMQQM1,"4500129298",已匹配,焦化厂
武祥57,瘦煤|进口|E|KZBS,"10000","2411946","4500129319","10",完成,"2024-12-04 17:33:42","2024-12-18 17:49:37","2026-09-08 00:00:00",G3MMSS4,A2MMSJM2,"4500129319",已匹配,焦化厂
龙力,主焦煤|3级|进口|澳洲|Daunia,"49500","2411938","4500130034","10",完成,"2024-11-28 09:07:32","2024-12-16 17:53:39","2026-09-08 00:00:00",G3MMZJMH,A2MMZJM3,"4500130034",已匹配,焦化厂
弘运27,主焦煤|4级|进口,"20000","2411942","4500130118","10",完成,"2024-11-27 11:24:30","2024-10-15 11:38:33","2026-09-08 00:00:00",G3MMZJMI,A2MMZJM4,"4500130118",已匹配,焦化厂
永梅,主焦煤|1级|进口|加拿大|瑞文,"10000","2411972","4500130177","10",完成,"2024-11-28 12:46:00","2024-08-30 12:53:38","2026-09-08 00:00:00",G3MMZJJ,A2MMZJM1,"4500130177",已匹配,焦化厂
扬子10,主焦煤|3级|进口|澳洲|Daunia,"10000","2411975","4500130225","10",完成,"2024-11-28 14:17:30","2024-11-19 10:47:43","2026-09-08 00:00:00",G3MMZJMH,A2MMZJM3,"4500130225",已匹配,焦化厂
波利尼西亚女王,肥煤|进口|美国|Mountain Laurel,"20000","2411976","4500130279","10",完成,"2024-11-28 18:06:02","2024-11-08 12:50:23","2026-09-08 00:00:00",G3MMFF6,A2MMFFM2,"4500130279",已匹配,焦化厂
五月,主焦煤|1级|进口|加拿大|瑞文,"42609","2411963","4500130375","10",完成,"2024-11-18 09:35:42","2024-12-03 18:27:24","2026-09-08 00:00:00",G3MMZJJ,A2MMZJM1,"4500130375",已匹配,焦化厂
五月,主焦煤|1级|进口|加拿大|瑞文,"12391","2411971","4500130382","10",完成,"2024-12-18 16:50:02","2024-12-18 17:53:39","2026-09-08 00:00:00",G3MMZJJ,A2MMZJM1,"4500130382",已匹配,焦化厂
爱美女神,主焦煤|3级|进口|澳洲|Daunia,"22000","2411962","4500130507","10",完成,"2024-12-31 20:37:42","2025-01-22 09:47:24","2026-09-08 00:00:00",G3MMZJMH,A2MMZJM3,"4500130507",已匹配,焦化厂
长顺静海,气煤|进口|E|AEJ,"10875","2411983","4500130851","10",完成,"2024-12-05 15:52:45","2024-12-03 16:04:02","2026-09-08 00:00:00",G3MMQQD,A2MMQQM1,"4500130851",已匹配,焦化厂
龙力,主焦煤|3级|进口|澳洲|Daunia,"16000","2411987","4500131015","10",完成,"2024-12-06 16:51:40","2024-12-08 10:01:03","2026-09-08 00:00:00",G3MMZJMH,A2MMZJM3,"4500131015",已匹配,焦化厂
安菲特律特,主焦煤|1级|进口|加拿大|斯坦达,"40000","2411989","4500131434","10",完成,"2024-12-18 17:16:58","2025-01-06 17:41:24","2026-09-08 00:00:00",G3MMZJA,A2MMZJM1,"4500131434",已匹配,焦化厂
林登商人,"1/3焦煤|2级|进口|美国|Shoal Creek","11299.613","2411988","4500131468","10",完成,"2024-12-11 10:14:47","2024-09-13 13:24:33","2026-09-08 00:00:00",G3MMSYG,A2MMSYM2,"4500131468",已匹配,焦化厂
长顺静海,气煤|进口|E|AEJ,"10875","2411994","4500131899","10",完成,"2024-12-16 16:23:34","2024-11-30 16:31:13","2026-09-08 00:00:00",G3MMQQD,A2MMQQM1,"4500131899",已匹配,焦化厂
宙斯,肥煤|进口|美国|Alpha,"11000","2411996","4500131989","10",完成,"2024-12-18 11:42:04","2024-12-04 08:24:37","2026-09-08 00:00:00",G3MMFF5,A2MMFFM2,"4500131989",已匹配,焦化厂
大文武,气煤|进口|E|YNL,"11000","2411003","4500132474","10",完成,"2024-12-27 19:17:30","2024-12-27 18:59:15","2026-09-08 00:00:00",G3MMQQE,A2MMQQM1,"4500132474",已匹配,焦化厂
龙泉,主焦煤|3级|进口|澳洲|Daunia,"22000","2411977","4500133013","10",完成,"2024-12-26 17:33:13","2025-01-10 16:06:28","2026-09-08 00:00:00",G3MMZJMH,A2MMZJM3,"4500133013",已匹配,焦化厂
闽光9,气煤|2级|国内,"7000","2411013","4500133018","10",完成,"2024-12-27 15:56:21","2024-12-09 10:16:50","2026-09-08 00:00:00",G3MMQQB,A2MMQQM2,"4500133018",已匹配,焦化厂
嘉航壮志,"1/3焦煤|2级|进口|美国|Shoal Creek","20000","2411019","4500133501","10",完成,"2024-12-31 20:53:49","2025-01-02 14:02:28","2026-09-08 00:00:00",G3MMSYG,A2MMSYM2,"4500133501",已匹配,焦化厂
奇矿,主焦煤|1级|进口|加拿大|瑞峰,"29341","2411011","4500133781","10",完成,"2025-01-06 17:25:40","2025-01-22 13:43:17","2026-09-08 00:00:00",G3MMZJC,A2MMZJM1,"4500133781",已匹配,焦化厂
爱美女神,瘦焦煤|1级|进口|澳大利亚|AAML,"12000","2411957","4500133836","10",完成,"2025-01-06 10:21:41","2025-03-20 08:26:43","2026-09-08 00:00:00",G3MMSJE,A2MMSJM2,"4500133836",已匹配,焦化厂
幸运,主焦煤|1级|进口|加拿大|普瑞,"26522","2511035","4500133941","10",完成,"2025-01-06 18:33:07","2025-01-17 09:26:02","2026-09-08 00:00:00",G3MMZJML,A2MMZJM1,"4500133941",已匹配,焦化厂
幸运,主焦煤|1级|进口|加拿大|普瑞,"17380","2511039","4500134126","10",完成,"2025-01-08 09:37:28","2025-02-12 20:13:54","2026-09-08 00:00:00",G3MMZJML,A2MMZJM1,"4500134126",已匹配,焦化厂
永梅,主焦煤|1级|进口|加拿大|瑞文,"7000","2511042","4500134280","10",完成,"2025-01-09 11:28:13","2025-01-21 10:29:20","2026-09-08 00:00:00",G3MMZJJ,A2MMZJM1,"4500134280",已匹配,焦化厂
长顺静海,气煤|进口|E|AEJ,"10875","2511040","4500134323","10",完成,"2025-01-10 23:54:45","2024-11-30 00:12:26","2026-09-08 00:00:00",G3MMQQD,A2MMQQM1,"4500134323",已匹配,焦化厂
亚萨蓝宝石,"1/3焦煤|3级|进口|澳洲|黑水","5000","2511044","4500134415","10",完成,"2025-01-11 00:28:07","2024-01-30 13:59:19","2026-09-08 00:00:00",G3MMSYH,A2MMSYM3,"4500134415",已匹配,焦化厂
骑士,主焦煤|1级|进口|加拿大|瑞峰,"10000","2411021","4500134904","10",完成,"2025-02-05 10:56:29",,"2026-09-08 00:00:00",G3MMZJC,A2MMZJM1,"4500134904",已匹配,焦化厂
骑士,主焦煤|1级|进口|加拿大|瑞峰,"19000","2411021","4500134904","10",完成,"2025-01-20 12:15:31","2025-02-14 11:40:10","2026-09-08 00:00:00",G3MMZJC,A2MMZJM1,"4500134904",已匹配,焦化厂
骑士,主焦煤|1级|进口|加拿大|瑞峰,"20000","2411021","4500134904","10",完成,"2025-02-05 11:37:38","2025-02-25 13:44:35","2026-09-08 00:00:00",G3MMZJC,A2MMZJM1,"4500134904",已匹配,焦化厂
亨利,主焦煤|3级|进口|加拿大|CONUMA PREMIUM,"22000","2411022","4500135014","10",完成,"2025-01-22 16:50:20","2025-02-03 13:27:03","2026-09-08 00:00:00",G3MMZJW,A2MMZJM3,"4500135014",已匹配,焦化厂
亨利,主焦煤|3级|进口|加拿大|CONUMA PREMIUM,"22000","2411022","4500135014","10",完成,"2025-01-22 16:51:54","2025-02-03 10:23:25","2026-09-08 00:00:00",G3MMZJW,A2MMZJM3,"4500135014",已匹配,焦化厂
新成功,气煤|进口|E|AEJ,"5000","2511061","4500135512","10",完成,"2025-01-22 20:25:13","2025-01-17 16:30:27","2026-09-08 00:00:00",G3MMQQD,A2MMQQM1,"4500135512",已匹配,焦化厂
新成功,气煤|进口|E|AEJ,"5600","2511061","4500135512","10",完成,"2025-02-08 09:01:11","2025-01-17 16:33:58","2026-09-08 00:00:00",G3MMQQD,A2MMQQM1,"4500135512",已匹配,焦化厂
嘉航壮志,"1/3焦煤|2级|进口|美国|Shoal Creek","7299.467","2511065","4500135577","10",完成,"2025-01-24 10:32:37","2024-12-30 14:44:26","2026-09-08 00:00:00",G3MMSYG,A2MMSYM2,"4500135577",已匹配,焦化厂
嘉航壮志,"1/3焦煤|2级|进口|美国|Shoal Creek","10000","2511065","4500135577","10",完成,"2025-01-24 10:33:57","2024-12-30 09:27:11","2026-09-08 00:00:00",G3MMSYG,A2MMSYM2,"4500135577",已匹配,焦化厂
迪特里希,主焦煤|1级|进口|加拿大|瑞峰,"22000","2511066","4500136100","10",完成,"2025-03-11 11:22:29","2025-03-13 08:30:18","2026-09-08 00:00:00",G3MMZJC,A2MMZJM1,"4500136100",已匹配,焦化厂
迪特里希,主焦煤|1级|进口|加拿大|瑞峰,"22000","2511066","4500136100","10",完成,"2025-03-07 09:10:39","2025-03-11 08:30:45","2026-09-08 00:00:00",G3MMZJC,A2MMZJM1,"4500136100",已匹配,焦化厂
金色积云,主焦煤|1级|进口|加拿大|瑞峰,"40000","2511051","4500136177","10",完成,"2025-02-12 16:46:23","2025-03-20 08:26:32","2026-09-08 00:00:00",G3MMZJC,A2MMZJM1,"4500136177",已匹配,焦化厂
施密特,气煤|进口|E|AEJ,"6000","2511079","4500136290","10",完成,"2025-02-18 16:01:06","2025-02-18 11:22:29","2026-09-08 00:00:00",G3MMQQD,A2MMQQM1,"4500136290",已匹配,焦化厂
"1",气煤|进口|E|AEJ,"11750","2511079","4500136290","10",完成,"2025-04-23 10:37:36","2025-04-23 10:38:12","2026-09-08 00:00:00",G3MMQQD,A2MMQQM1,"4500136290",已匹配,焦化厂
施密特,气煤|进口|E|AEJ,"5750","2511079","4500136290","10",完成,"2025-02-18 16:05:53","2025-02-18 10:15:33","2026-09-08 00:00:00",G3MMQQD,A2MMQQM1,"4500136290",已匹配,焦化厂
露娜,"1/3焦煤|2级|进口|美国|Shoal Creek","10000","2511083","4500136471","10",完成,"2025-02-14 10:46:45","2025-02-07 18:10:37","2026-09-08 00:00:00",G3MMSYG,A2MMSYM2,"4500136471",已匹配,焦化厂
娄底,主焦煤|1级|进口|加拿大|斯坦达,"35000","2511092","4500137501","10",完成,"2025-03-20 08:27:54","2025-04-02 10:01:24","2026-09-08 00:00:00",G3MMZJA,A2MMZJM1,"4500137501",已匹配,焦化厂
施密特,气煤|进口|E|AEJ,"11000","2511099","4500137686","10",完成,"2025-02-26 21:27:36","2025-02-19 17:33:30","2026-09-08 00:00:00",G3MMQQD,A2MMQQM1,"4500137686",已匹配,焦化厂
露娜,"1/3焦煤|2级|进口|美国|Shoal Creek","10000","2511101","4500137775","10",完成,"2025-02-27 15:48:25","2025-02-14 13:53:13","2026-09-08 00:00:00",G3MMSYG,A2MMSYM2,"4500137775",已匹配,焦化厂
法巴拉,主焦煤|1级|进口|加拿大|瑞峰,"30000","2511107","4500138206","10",完成,"2025-03-28 09:22:40",,"2026-09-08 00:00:00",G3MMZJC,A2MMZJM1,"4500138206",已匹配,焦化厂
法巴拉,主焦煤|1级|进口|加拿大|瑞峰,"20000","2511107","4500138206","10",完成,"2025-03-20 08:25:41",,"2026-09-08 00:00:00",G3MMZJC,A2MMZJM1,"4500138206",已匹配,焦化厂
亨利,主焦煤|3级|进口|加拿大|CONUMA PREMIUM,"20000","2511111","4500138240","10",完成,"2025-03-07 16:02:14","2025-02-06 10:14:10","2026-09-08 00:00:00",G3MMZJW,A2MMZJM3,"4500138240",已匹配,焦化厂
大文凯,气煤|进口|E|AEJ,"10875","2511118","4500138811","10",完成,"2025-03-14 22:30:54","2025-03-08 23:56:19","2026-09-08 00:00:00",G3MMQQD,A2MMQQM1,"4500138811",已匹配,焦化厂
幸运,主焦煤|1级|进口|加拿大|普瑞,"17043","2511119","4500138823","10",完成,"2025-03-14 18:43:03","2025-01-17 16:29:02","2026-09-08 00:00:00",G3MMZJML,A2MMZJM1,"4500138823",已匹配,焦化厂
幸运,主焦煤|1级|进口|加拿大|普瑞,"15000","2511119","4500138823","10",完成,"2025-03-14 18:42:46","2025-01-17 20:58:56","2026-09-08 00:00:00",G3MMZJML,A2MMZJM1,"4500138823",已匹配,焦化厂
亨利,主焦煤|3级|进口|加拿大|CONUMA PREMIUM,"14000","2511120","4500138929","10",完成,"2025-03-17 16:59:51","2025-02-07 16:40:18","2026-09-08 00:00:00",G3MMZJW,A2MMZJM3,"4500138929",已匹配,焦化厂
亨利,主焦煤|3级|进口|加拿大|CONUMA PREMIUM,"10000","2511120","4500138929","10",完成,"2025-03-17 16:58:47","2025-02-07 11:40:25","2026-09-08 00:00:00",G3MMZJW,A2MMZJM3,"4500138929",已匹配,焦化厂
冠华,主焦煤|1级|进口|加拿大|瑞峰,"25000","2511128","4500139793","10",完成,"2025-04-09 17:12:39","2025-04-23 09:55:23","2026-09-08 00:00:00",G3MMZJC,A2MMZJM1,"4500139793",已匹配,焦化厂
冠华,主焦煤|1级|进口|加拿大|瑞峰,"25000","2511128","4500139793","10",完成,"2025-04-23 10:36:01","2025-04-23 19:36:32","2026-09-08 00:00:00",G3MMZJC,A2MMZJM1,"4500139793",已匹配,焦化厂
马里奥,"1/3焦煤|2级|进口|美国|Shoal Creek","10470.837","2511133","4500140162","10",完成,"2025-03-27 17:47:39","2025-01-31 17:52:39","2026-09-08 00:00:00",G3MMSYG,A2MMSYM2,"4500140162",已匹配,焦化厂
贝特斯,主焦煤|1级|进口|加拿大|瑞峰,"50000","2511123","4500140187","10",完成,"2025-04-23 10:59:36","2025-04-21 08:28:37","2026-09-08 00:00:00",G3MMZJC,A2MMZJM1,"4500140187",已匹配,焦化厂
大文凯,气煤|进口|E|AEJ,"10875","2511138","4500140413","10",完成,"2025-03-28 18:41:02","2025-03-07 20:28:12","2026-09-08 00:00:00",G3MMQQD,A2MMQQM1,"4500140413",已匹配,焦化厂
大文凯,气煤|进口|E|AEJ,"10875","2511139","4500140415","10",完成,"2025-04-02 17:01:54","2025-04-09 08:41:34","2026-09-08 00:00:00",G3MMQQD,A2MMQQM1,"4500140415",已匹配,焦化厂
露娜,"1/3焦煤|2级|进口|美国|Shoal Creek","10000","2511137","4500140426","10",完成,"2025-03-28 17:54:26","2025-02-14 19:12:07","2026-09-08 00:00:00",G3MMSYG,A2MMSYM2,"4500140426",已匹配,焦化厂
拉帕兹,主焦煤|3级|进口|加拿大|CONUMA PREMIUM,"23968","2511140","4500140668","10",完成,"2025-04-09 17:17:21","2025-04-25 11:11:12","2026-09-08 00:00:00",G3MMZJW,A2MMZJM3,"4500140668",已匹配,焦化厂
拉帕兹,主焦煤|3级|进口|加拿大|CONUMA PREMIUM,"26047","2511142","4500140671","10",完成,"2025-04-09 17:18:00","2025-04-22 18:15:36","2026-09-08 00:00:00",G3MMZJW,A2MMZJM3,"4500140671",已匹配,焦化厂
马波财富,主焦煤|4级|进口|印尼|mutu,"10000","2511144","4500140820","10",完成,"2025-04-03 14:16:29","2024-12-13 14:30:28","2026-09-08 00:00:00",G3MMZJMF,A2MMZJM4,"4500140820",已匹配,焦化厂
高木,瘦焦煤|2级|进口|澳大利亚丨林赛湖,"10000","2511145","4500140874","10",完成,"2025-04-03 16:29:14","2025-01-26 15:30:25","2026-09-08 00:00:00",G3MMSJG,A2MMSJM2,"4500140874",已匹配,焦化厂
高速,主焦煤|1级|进口|加拿大|普瑞,"26039","2511149","4500141217","10",完成,"2025-04-11 10:27:30","2025-04-18 21:24:29","2026-09-08 00:00:00",G3MMZJML,A2MMZJM1,"4500141217",已匹配,焦化厂
高速,主焦煤|1级|进口|加拿大|普瑞,"30000","2511149","4500141217","10",完成,"2025-04-11 10:27:25","2025-04-14 16:07:00","2026-09-08 00:00:00",G3MMZJML,A2MMZJM1,"4500141217",已匹配,焦化厂
长隆展望,主焦煤|3级|进口|蒙古5#,"21992.88","2511152","4500141393","10",完成,"2025-04-23 10:32:47","2025-04-23 10:33:01","2026-09-08 00:00:00",G3MMZJME,A2MMZJM3,"4500141393",已匹配,焦化厂
高速,主焦煤|1级|进口|加拿大|普瑞,"16237","2511148","4500141404","10",完成,"2025-04-11 10:00:13","2025-04-09 09:36:23","2026-09-08 00:00:00",G3MMZJML,A2MMZJM1,"4500141404",已匹配,焦化厂
高速,主焦煤|1级|进口|加拿大|普瑞,"15387","2511148","4500141404","10",完成,"2025-04-25 08:33:28","2025-04-18 20:00:02","2026-09-08 00:00:00",G3MMZJML,A2MMZJM1,"4500141404",已匹配,焦化厂
金狮,"1/3焦煤|3级|进口|澳洲|Dawson","12408","2511136","4500141518","10",完成,"2025-04-29 09:59:27","2025-04-22 18:27:30","2026-09-08 00:00:00",G3MMSYF,A2MMSYM3,"4500141518",已匹配,焦化厂
金狮,"1/3焦煤|3级|进口|澳洲|Dawson","10000","2511136","4500141518","10",完成,"2025-04-23 10:41:53","2025-04-22 11:58:06","2026-09-08 00:00:00",G3MMSYF,A2MMSYM3,"4500141518",已匹配,焦化厂
大文明,气煤|进口|E|AEJ,"13000","2511157","4500141536","10",完成,"2025-04-11 17:12:32","2025-04-08 17:33:01","2026-09-08 00:00:00",G3MMQQD,A2MMQQM1,"4500141536",已匹配,焦化厂
马里奥,"1/3焦煤|2级|进口|美国|Shoal Creek","10207","2511156","4500141540","10",完成,"2025-04-11 17:13:19","2025-04-25 17:29:50","2026-09-08 00:00:00",G3MMSYG,A2MMSYM2,"4500141540",已匹配,焦化厂
波利尼西亚女王,肥煤|进口|美国|Mountain Laurel,"9853.946","2511164","4500141949","10",完成,"2025-04-16 14:44:03","2024-11-08 18:24:00","2026-09-08 00:00:00",G3MMFF6,A2MMFFM2,"4500141949",已匹配,焦化厂
波利尼西亚女王,肥煤|进口|美国|Mountain Laurel,"9853.946","2511164","4500141949","10",完成,"2025-04-21 08:58:49","2025-04-23 10:31:54","2026-09-08 00:00:00",G3MMFF6,A2MMFFM2,"4500141949",已匹配,焦化厂
伊甸园,肥煤|进口|美国|Mountain Laurel,"1135.37","2511164","4500141949","10",完成,"2025-04-21 08:58:59","2024-08-16 09:38:42","2026-09-08 00:00:00",G3MMFF6,A2MMFFM2,"4500141949",已匹配,焦化厂
春晟,主焦煤|3级|进口|澳洲|Daunia,"12000","2511105","4500142559","10",完成,"2025-05-28 10:07:50","2025-05-13 08:35:24","2026-09-08 00:00:00",G3MMZJMH,A2MMZJM3,"4500142559",已匹配,焦化厂
春晟,主焦煤|3级|进口|澳洲|Daunia,"10000","2511105","4500142559","10",完成,"2025-06-10 14:42:47","2025-05-13 15:24:01","2026-09-08 00:00:00",G3MMZJMH,A2MMZJM3,"4500142559",已匹配,焦化厂
春晟,主焦煤|3级|进口|澳洲|Daunia,"10000","2511105","4500142559","10",完成,"2025-04-23 10:56:44","2025-05-13 10:56:12","2026-09-08 00:00:00",G3MMZJMH,A2MMZJM3,"4500142559",已匹配,焦化厂
春晟,主焦煤|3级|进口|澳洲|Daunia,"12000","2511105","4500142559","10",完成,"2025-04-29 09:13:37","2025-05-06 11:33:45","2026-09-08 00:00:00",G3MMZJMH,A2MMZJM3,"4500142559",已匹配,焦化厂
露娜,"1/3焦煤|2级|进口|美国|Shoal Creek","12000","2511169","4500142737","10",完成,"2025-04-22 17:42:17","2025-02-14 17:51:39","2026-09-08 00:00:00",G3MMSYG,A2MMSYM2,"4500142737",已匹配,焦化厂
高木,瘦焦煤|2级|进口|澳大利亚丨林赛湖,"20000","2511170","4500142743","10",完成,"2025-04-24 17:40:10","2025-04-29 09:12:47","2026-09-08 00:00:00",G3MMSJG,A2MMSJM2,"4500142743",已匹配,焦化厂
埃科,"1/3焦煤|3级|进口|PANACAPE GZH","10000","2511163","4500142873","10",完成,"2025-04-24 18:47:50","2025-03-14 19:27:38","2026-09-08 00:00:00",G3MMSYP,A2MMSYM3,"4500142873",已匹配,焦化厂
钱海9,"1/3焦煤|2级|进口|美国|Shoal Creek","6000","2511171","4500143085","10",完成,"2025-05-07 14:59:32","2025-05-12 02:10:52","2026-09-08 00:00:00",G3MMSYG,A2MMSYM2,"4500143085",已匹配,焦化厂
大文明,气煤|进口|E|AEJ,"13000","2511179","4500143803","10",完成,"2025-04-30 11:56:14","2025-04-11 13:56:06","2026-09-08 00:00:00",G3MMQQD,A2MMQQM1,"4500143803",已匹配,焦化厂
内菲丽,主焦煤|1级|进口|加拿大|瑞峰,"20998","2511177","4500145149","10",完成,"2025-05-28 10:11:30","2025-06-06 08:46:52","2026-09-08 00:00:00",G3MMZJC,A2MMZJM1,"4500145149",已匹配,焦化厂
内菲丽,主焦煤|1级|进口|加拿大|瑞峰,"20000","2511177","4500145149","10",完成,"2025-05-22 11:16:23","2025-06-06 17:37:16","2026-09-08 00:00:00",G3MMZJC,A2MMZJM1,"4500145149",已匹配,焦化厂
大文明,气煤|进口|E|AEJ,"5000","2511190","4500145220","10",完成,"2025-05-17 22:17:54",,"2026-09-08 00:00:00",G3MMQQD,A2MMQQM1,"4500145220",已匹配,焦化厂
王牌,气煤|进口|E|AEJ,"10120","2511198","4500145454","10",完成,"2025-05-20 10:49:32","2025-05-18 16:50:18","2026-09-08 00:00:00",G3MMQQD,A2MMQQM1,"4500145454",已匹配,焦化厂
马里奥,"1/3焦煤|2级|进口|美国|Shoal Creek","10000","2511201","4500145758","10",完成,"2025-05-23 11:39:00","2025-01-26 18:05:05","2026-09-08 00:00:00",G3MMSYG,A2MMSYM2,"4500145758",已匹配,焦化厂
大洋河,主焦煤|1级|进口|加拿大|斯坦达,"18853","2511200","4500146056","10",完成,"2025-05-22 09:36:05","2025-06-11 11:52:57","2026-09-08 00:00:00",G3MMZJA,A2MMZJM1,"4500146056",已匹配,焦化厂
大洋河,主焦煤|1级|进口|加拿大|斯坦达,"20000","2511200","4500146056","10",完成,"2025-06-10 14:48:09","2025-06-11 11:33:09","2026-09-08 00:00:00",G3MMZJA,A2MMZJM1,"4500146056",已匹配,焦化厂
王牌,气煤|进口|E|AEJ,"10120","2511207","4500146296","10",完成,"2025-05-30 09:47:13","2025-05-28 14:20:52","2026-09-08 00:00:00",G3MMQQD,A2MMQQM1,"4500146296",已匹配,焦化厂
永梅,主焦煤|1级|进口|加拿大|瑞文,"8000","2511210","4500146308","10",完成,"2025-05-30 11:06:17","2024-08-30 14:26:37","2026-09-08 00:00:00",G3MMZJJ,A2MMZJM1,"4500146308",已匹配,焦化厂
柯兴发展,主焦煤|3级|进口|蒙古5#,"17800","2511214","4500146503","10",完成,"2025-06-03 15:42:36","2025-06-09 15:52:26","2026-09-08 00:00:00",G3MMZJME,A2MMZJM3,"4500146503",已匹配,焦化厂
奇矿,主焦煤|1级|进口|加拿大|普瑞,"10000","2511215","4500146517","10",完成,"2025-06-03 15:14:43","2025-01-24 18:53:39","2026-09-08 00:00:00",G3MMZJML,A2MMZJM1,"4500146517",已匹配,焦化厂
布拉沃,主焦煤|1级|进口|加拿大|瑞峰,"14320","2511212","4500147390","10",完成,"2025-06-13 17:25:13","2025-06-24 09:53:43","2026-09-08 00:00:00",G3MMZJC,A2MMZJM1,"4500147390",已匹配,焦化厂
布拉沃,主焦煤|1级|进口|加拿大|瑞峰,"15000","2511212","4500147390","10",完成,"2025-06-27 18:06:33","2025-06-27 14:44:57","2026-09-08 00:00:00",G3MMZJC,A2MMZJM1,"4500147390",已匹配,焦化厂
布拉沃,主焦煤|1级|进口|加拿大|瑞峰,"45000","2511212","4500147390","10",完成,"2025-06-09 10:18:53","2025-06-24 08:55:51","2026-09-08 00:00:00",G3MMZJC,A2MMZJM1,"4500147390",已匹配,焦化厂
布拉沃,主焦煤|1级|进口|加拿大|瑞峰,"20000","2511212","4500147390","10",完成,"2025-06-24 08:58:37","2025-06-24 18:24:14","2026-09-08 00:00:00",G3MMZJC,A2MMZJM1,"4500147390",已匹配,焦化厂
王牌,气煤|进口|E|AEJ,"10120","2511226","4500147958","10",完成,"2025-06-17 09:47:48","2025-06-06 16:47:17","2026-09-08 00:00:00",G3MMQQD,A2MMQQM1,"4500147958",已匹配,焦化厂
莫里迪安,主焦煤|1级|进口|加拿大|瑞峰,"40000","2511227","4500148502","10",完成,"2025-07-03 16:33:41","2026-03-16 11:03:55","2026-09-08 00:00:00",G3MMZJC,A2MMZJM1,"4500148502",已匹配,焦化厂
莫里迪安,主焦煤|1级|进口|加拿大|瑞峰,"39608","2511227","4500148502","10",完成,"2025-07-02 10:30:22","2025-07-23 18:10:06","2026-09-08 00:00:00",G3MMZJC,A2MMZJM1,"4500148502",已匹配,焦化厂
铭泰8,气煤|进口|E|AEJ,"12200","2511236","4500148852","10",完成,"2025-06-27 08:56:06","2025-06-24 17:21:20","2026-09-08 00:00:00",G3MMQQD,A2MMQQM1,"4500148852",已匹配,焦化厂
 锦隆洲,主焦煤|2级|国内,"21446.8","2511246","4500149227","10",完成,"2025-07-03 10:17:49","2025-07-08 17:42:05","2026-09-08 00:00:00",G3MMZJD,A2MMZJM2,"4500149227",已匹配,焦化厂
天予力量,瘦焦煤|2级|进口|澳大利亚丨林赛湖,"6710","2511253","4500150653","10",完成,"2025-07-18 18:25:43","2025-05-19 18:43:36","2026-09-08 00:00:00",G3MMSJG,A2MMSJM2,"4500150653",已匹配,焦化厂
铭泰8,气煤|进口|E|AEJ,"12200","2511252","4500150661","10",完成,"2025-07-16 17:08:51","2025-06-27 14:07:00","2026-09-08 00:00:00",G3MMQQD,A2MMQQM1,"4500150661",已匹配,焦化厂
奇矿,主焦煤|1级|进口|加拿大|普瑞,"20000","2511251","4500150671","10",完成,"2025-07-16 18:02:24","2025-01-24 14:09:09","2026-09-08 00:00:00",G3MMZJML,A2MMZJM1,"4500150671",已匹配,焦化厂
鑫嵘79,主焦煤|3级|进口|蒙古5#,"30552","2511256","4500150940","10",完成,"2025-07-14 16:27:14","2025-12-09 10:06:21","2026-09-08 00:00:00",G3MMZJME,A2MMZJM3,"4500150940",已匹配,焦化厂
拉帕兹,主焦煤|3级|进口|加拿大|CONUMA PREMIUM,"9787","2511257","4500151783","10",完成,"2025-07-30 16:22:52","2025-05-03 18:29:35","2026-09-08 00:00:00",G3MMZJW,A2MMZJM3,"4500151783",已匹配,焦化厂
铭泰8,气煤|进口|E|AEJ,"7001","2511266","4500152491","10",完成,"2025-08-07 15:47:16","2025-06-27 20:07:45","2026-09-08 00:00:00",G3MMQQD,A2MMQQM1,"4500152491",已匹配,焦化厂
永发门,"1/3焦煤|2级|进口|印尼|LAMPUNUT","20000","2511267","4500152501","10",完成,"2025-08-08 14:21:27","2025-08-22 18:50:51","2026-09-08 00:00:00",G3MMSYI,A2MMSYM2,"4500152501",已匹配,焦化厂
马里奥,"1/3焦煤|2级|进口|美国|Shoal Creek","11000","2511279","4500153556","10",完成,"2025-08-15 18:51:52","2025-01-31 19:32:04","2026-09-08 00:00:00",G3MMSYG,A2MMSYM2,"4500153556",已匹配,焦化厂
马里奥,"1/3焦煤|2级|进口|美国|Shoal Creek","11000","2511279","4500153556","10",完成,"2025-08-15 18:51:39","2025-01-31 09:30:57","2026-09-08 00:00:00",G3MMSYG,A2MMSYM2,"4500153556",已匹配,焦化厂
海斗士,主焦煤|1级|进口|加拿大|普瑞,"37321","2511281","4500153866","10",完成,"2025-08-20 14:21:59","2025-09-05 08:29:17","2026-09-08 00:00:00",G3MMZJML,A2MMZJM1,"4500153866",已匹配,焦化厂
中粮乔瓦妮,主焦煤|3级|进口|加拿大|CONUMA PREMIUM,"20000","2511280","4500153951","10",完成,"2025-08-26 14:46:53","2025-07-25 10:22:40","2026-09-08 00:00:00",G3MMZJW,A2MMZJM3,"4500153951",已匹配,焦化厂
中粮乔瓦妮,主焦煤|3级|进口|加拿大|CONUMA PREMIUM,"20000","2511280","4500153951","10",完成,"2025-08-26 14:46:59","2025-07-25 20:01:54","2026-09-08 00:00:00",G3MMZJW,A2MMZJM3,"4500153951",已匹配,焦化厂
阿卡迪亚,气煤|进口|E|AEJ,"10800","2511284","4500154006","10",完成,"2025-08-21 16:21:51","2025-07-25 14:59:02","2026-09-08 00:00:00",G3MMQQD,A2MMQQM1,"4500154006",已匹配,焦化厂
彼拉,主焦煤|1级|进口|加拿大|斯坦达,"20815","2511289","4500154298","10",完成,"2025-08-26 10:58:41","2025-08-26 19:49:02","2026-09-08 00:00:00",G3MMZJA,A2MMZJM1,"4500154298",已匹配,焦化厂
彼拉,主焦煤|1级|进口|加拿大|斯坦达,"7000","2511291","4500154328","10",完成,"2025-08-26 17:49:20","2025-11-25 15:59:32","2026-09-08 00:00:00",G3MMZJA,A2MMZJM1,"4500154328",已匹配,焦化厂
阳光珊瑚,"1/3焦煤|3级|进口|澳洲|黑水","10150","2511293","4500154425","10",完成,"2025-08-28 09:00:46","2025-08-29 19:05:30","2026-09-08 00:00:00",G3MMSYH,A2MMSYM3,"4500154425",已匹配,焦化厂
永发门,"1/3焦煤|2级|进口|印尼|LAMPUNUT","20000","2511299","4500155523","10",完成,"2025-09-10 09:59:42","2025-07-15 17:35:14","2026-09-08 00:00:00",G3MMSYI,A2MMSYM2,"4500155523",已匹配,焦化厂
海角,主焦煤|1级|进口|加拿大|瑞峰,"25000","2511300","4500155541","10",完成,"2025-09-12 17:14:31","2025-09-14 09:48:45","2026-09-08 00:00:00",G3MMZJC,A2MMZJM1,"4500155541",已匹配,焦化厂
海角,主焦煤|1级|进口|加拿大|瑞峰,"20000","2511300","4500155541","10",完成,"2025-09-09 14:54:58","2025-09-14 15:02:49","2026-09-08 00:00:00",G3MMZJC,A2MMZJM1,"4500155541",已匹配,焦化厂
海角,主焦煤|1级|进口|加拿大|瑞峰,"40000","2511300","4500155541","10",完成,"2025-09-12 17:15:17","2025-09-18 08:15:18","2026-09-08 00:00:00",G3MMZJC,A2MMZJM1,"4500155541",已匹配,焦化厂
海豚76,气煤|进口|E|AEJ,"11000","2511305","4500156643","10",完成,"2025-09-19 15:12:12","2025-08-15 10:30:35","2026-09-08 00:00:00",G3MMQQD,A2MMQQM1,"4500156643",已匹配,焦化厂
德纳斯,主焦煤|1级|进口|加拿大|瑞峰,"20000","2511308","4500156945","10",完成,"2025-09-24 08:45:14","2025-09-29 19:56:58","2026-09-08 00:00:00",G3MMZJC,A2MMZJM1,"4500156945",已匹配,焦化厂
德纳斯,主焦煤|1级|进口|加拿大|瑞峰,"21500","2511308","4500156945","10",完成,"2025-09-29 14:19:53","2025-09-29 19:35:39","2026-09-08 00:00:00",G3MMZJC,A2MMZJM1,"4500156945",已匹配,焦化厂
海豚76,气煤|进口|E|AEJ,"9195","2511310","4500157053","10",完成,"2025-09-25 10:51:42","2025-08-15 19:59:55","2026-09-08 00:00:00",G3MMQQD,A2MMQQM1,"4500157053",已匹配,焦化厂
锦航联合,主焦煤|3级|进口|蒙古5#,"19650","2511313","4500157147","10",完成,"2025-09-25 15:48:55","2025-09-30 01:09:44","2026-09-08 00:00:00",G3MMZJME,A2MMZJM3,"4500157147",已匹配,焦化厂
福兴轮,气煤|进口|E|AEJ,"10000","2511317","4500157578","10",完成,"2025-09-28 17:55:30","2025-10-03 18:20:11","2026-09-08 00:00:00",G3MMQQD,A2MMQQM1,"4500157578",已匹配,焦化厂
福兴轮,气煤|进口|E|AEJ,"10000","2511317","4500157578","10",完成,"2025-09-28 17:55:14","2025-09-26 20:19:37","2026-09-08 00:00:00",G3MMQQD,A2MMQQM1,"4500157578",已匹配,焦化厂
普萨拉,主焦煤|3级|进口|澳洲|Daunia,"22000","2511295","4500157622","10",完成,"2025-10-11 11:15:54","2025-10-23 21:48:50","2026-09-08 00:00:00",G3MMZJMH,A2MMZJM3,"4500157622",已匹配,焦化厂
博纳尔,主焦煤|1级|进口|加拿大|普瑞,"5000","2511321","4500158972","10",完成,"2025-10-20 17:07:15","2025-09-05 19:40:50","2026-09-08 00:00:00",G3MMZJML,A2MMZJM1,"4500158972",已匹配,焦化厂
海斗士,主焦煤|1级|进口|加拿大|普瑞,"20000","2511322","4500159006","10",完成,"2025-10-20 17:08:00","2025-09-12 19:14:43","2026-09-08 00:00:00",G3MMZJML,A2MMZJM1,"4500159006",已匹配,焦化厂
万铭富强,气煤|进口|E|AEJ,"15000","2511326","4500159169","10",完成,"2025-10-21 16:06:45","2025-11-06 21:07:30","2026-09-08 00:00:00",G3MMQQD,A2MMQQM1,"4500159169",已匹配,焦化厂
歌帝尼亚,主焦煤|1级|进口|加拿大|普瑞,"15000","2511329","4500159560","10",完成,"2025-10-27 10:52:46","2025-10-24 19:37:26","2026-09-08 00:00:00",G3MMZJML,A2MMZJM1,"4500159560",已匹配,焦化厂
利航5,气煤|进口|E|AEJ,"2143","2511331","4500160085","10",完成,"2025-11-03 11:34:50","2025-10-17 15:44:21","2026-09-08 00:00:00",G3MMQQD,A2MMQQM1,"4500160085",已匹配,焦化厂
利航5,气煤|进口|E|AEJ,"3500","2511331","4500160085","10",完成,"2025-10-31 09:07:04","2025-10-17 12:05:32","2026-09-08 00:00:00",G3MMQQD,A2MMQQM1,"4500160085",已匹配,焦化厂
王牌,气煤|进口|E|AEJ,"10000","2511335","4500160638","10",完成,"2025-11-05 16:26:12","2025-11-21 17:24:54","2026-09-08 00:00:00",G3MMQQD,A2MMQQM1,"4500160638",已匹配,焦化厂
中粮乔瓦妮,主焦煤|3级|进口|加拿大|CONUMA PREMIUM,"20000","2511339","4500160817","10",完成,"2025-11-07 09:34:22","2025-07-23 10:56:56","2026-09-08 00:00:00",G3MMZJW,A2MMZJM3,"4500160817",已匹配,焦化厂
中粮乔瓦妮,主焦煤|3级|进口|加拿大|CONUMA PREMIUM,"19727","2511339","4500160817","10",完成,"2025-11-07 17:44:38","2025-07-23 11:21:43","2026-09-08 00:00:00",G3MMZJW,A2MMZJM3,"4500160817",已匹配,焦化厂
康坦,主焦煤|1级|进口|加拿大|斯坦达,"37204","2511340","4500160894","10",完成,"2025-11-07 17:44:32","2025-11-08 00:39:37","2026-09-08 00:00:00",G3MMZJA,A2MMZJM1,"4500160894",已匹配,焦化厂
康坦,主焦煤|1级|进口|加拿大|斯坦达,"50000","2511340","4500160894","10",完成,"2025-11-07 17:44:22","2025-11-21 09:53:12","2026-09-08 00:00:00",G3MMZJA,A2MMZJM1,"4500160894",已匹配,焦化厂
阳光珊瑚,"1/3焦煤|3级|进口|澳洲|黑水","10000","2511352","4500162701","10",完成,"2025-11-26 15:20:09","2025-08-29 18:50:16","2026-09-08 00:00:00",G3MMSYH,A2MMSYM3,"4500162701",已匹配,焦化厂
亚圣,主焦煤|3级|进口|澳洲|Fitzroy CD,"5000","2511348","4500162887","10",完成,"2025-11-27 18:26:54","2025-06-27 18:46:12","2026-09-08 00:00:00",G3MMZJMO,A2MMZJM3,"4500162887",已匹配,焦化厂
顺达富强,"1/3焦煤|3级|进口|美国|Xcoal Penfield","3000","2511357","4500162888","10",完成,"2025-11-27 18:27:34","2025-09-15 18:43:54","2026-09-08 00:00:00",G3MMSYJ,A2MMSYM3,"4500162888",已匹配,焦化厂
博纳尔,主焦煤|1级|进口|加拿大|普瑞,"20000","2511356","4500163017","10",完成,"2025-12-02 08:29:44","2025-09-05 10:33:18","2026-09-08 00:00:00",G3MMZJML,A2MMZJM1,"4500163017",已匹配,焦化厂
拉格,主焦煤|1级|进口|加拿大|瑞峰,"50000","2511359","4500163037","10",完成,"2025-11-25 16:09:00",,"2026-09-08 00:00:00",G3MMZJC,A2MMZJM1,"4500163037",已匹配,焦化厂
海斗士,主焦煤|1级|进口|加拿大|普瑞,"8390","2511350","4500163050","10",完成,"2025-11-28 16:57:32","2025-09-19 10:35:00","2026-09-08 00:00:00",G3MMZJML,A2MMZJM1,"4500163050",已匹配,焦化厂
恒山银河,气煤|进口|E|AEJ,"10500","2511354","4500163706","10",完成,"2025-12-05 16:05:15",,"2026-09-08 00:00:00",G3MMQQD,A2MMQQM1,"4500163706",已匹配,焦化厂
波西塔诺,主焦煤|2级|进口|澳洲|GLV Prime,"10000","2511368","4500163932","10",完成,"2025-12-10 12:00:43","2025-12-05 09:39:29","2026-09-08 00:00:00",G3MMZJ8,A2MMZJM2,"4500163932",已匹配,焦化厂
新成功,气煤|进口|E|AEJ,"10000","2511375","4500164442","10",完成,"2026-01-12 11:58:40","2025-12-19 08:47:31","2026-09-08 00:00:00",G3MMQQD,A2MMQQM1,"4500164442",已匹配,焦化厂
亚圣,主焦煤|3级|进口|澳洲|Fitzroy CD,"10000","2511372","4500164515","10",完成,"2025-12-16 10:39:14","2025-06-27 16:21:40","2026-09-08 00:00:00",G3MMZJMO,A2MMZJM3,"4500164515",已匹配,焦化厂
河北唐山,主焦煤|1级|进口|加拿大|斯坦达,"40967","2511351","4500164516","10",完成,"2025-12-16 10:30:12","2025-12-26 15:05:32","2026-09-08 00:00:00",G3MMZJA,A2MMZJM1,"4500164516",已匹配,焦化厂
河北唐山,主焦煤|1级|进口|加拿大|斯坦达,"25000","2511351","4500164516","10",完成,"2025-12-16 10:35:31","2025-12-20 01:05:08","2026-09-08 00:00:00",G3MMZJA,A2MMZJM1,"4500164516",已匹配,焦化厂
河北唐山,主焦煤|1级|进口|加拿大|斯坦达,"25000","2511351","4500164516","10",完成,"2025-12-16 10:34:54","2025-12-26 15:03:19","2026-09-08 00:00:00",G3MMZJA,A2MMZJM1,"4500164516",已匹配,焦化厂
亚圣,主焦煤|3级|进口|澳洲|Fitzroy CD,"10000","2511376","4500164955","10",完成,"2025-12-22 16:04:55","2025-06-27 20:39:15","2026-09-08 00:00:00",G3MMZJMO,A2MMZJM3,"4500164955",已匹配,焦化厂
顺达富强,"1/3焦煤|3级|进口|美国|Xcoal Penfield","17000","2511381","4500165269","10",完成,"2025-12-29 16:55:54","2025-09-19 18:05:51","2026-09-08 00:00:00",G3MMSYJ,A2MMSYM3,"4500165269",已匹配,焦化厂
锦航联合,主焦煤|3级|进口|蒙古5#,"20244.87","2511382","4500165277","10",完成,"2025-12-23 11:56:53","2026-01-27 16:55:43","2026-09-08 00:00:00",G3MMZJME,A2MMZJM3,"4500165277",已匹配,焦化厂
亚圣,主焦煤|3级|进口|澳洲|Fitzroy CD,"15000","2511388","4500166087","10",完成,"2025-12-30 17:17:51","2025-06-27 21:25:17","2026-09-08 00:00:00",G3MMZJMO,A2MMZJM3,"4500166087",已匹配,焦化厂
亚圣,主焦煤|3级|进口|澳洲|Fitzroy CD,"15000","2511388","4500166087","10",完成,"2025-12-30 17:17:20","2025-06-27 18:48:21","2026-09-08 00:00:00",G3MMZJMO,A2MMZJM3,"4500166087",已匹配,焦化厂
恒山银河,气煤|进口|E|AEJ,"10000","2511397","4500166227","10",完成,"2025-12-31 16:12:48","2026-07-01 14:13:52","2026-09-08 00:00:00",G3MMQQD,A2MMQQM1,"4500166227",已匹配,焦化厂
露丝,"1/3焦煤|2级|进口|哥伦比亚","10000","2511400","4500166261","10",完成,"2025-12-31 18:38:06","2025-12-30 22:09:05","2026-09-08 00:00:00",G3MMSYK,A2MMSYM2,"4500166261",已匹配,焦化厂
卡雷克,主焦煤|1级|进口|加拿大|斯坦达,"20000","2511398","4500166746","10",完成,"2026-01-16 11:06:45","2026-01-20 16:02:38","2026-09-08 00:00:00",G3MMZJA,A2MMZJM1,"4500166746",已匹配,焦化厂
卡雷克,主焦煤|1级|进口|加拿大|斯坦达,"22903","2511398","4500166746","10",完成,"2026-01-16 11:06:36","2026-01-20 14:31:11","2026-09-08 00:00:00",G3MMZJA,A2MMZJM1,"4500166746",已匹配,焦化厂
卡雷克,主焦煤|1级|进口|加拿大|斯坦达,"20000","2511398","4500166746","10",完成,"2026-01-16 11:05:32","2026-01-20 17:49:34","2026-09-08 00:00:00",G3MMZJA,A2MMZJM1,"4500166746",已匹配,焦化厂
卡雷克,主焦煤|1级|进口|加拿大|斯坦达,"25000","2511398","4500166746","10",完成,"2026-01-16 11:06:30","2026-01-20 10:08:20","2026-09-08 00:00:00",G3MMZJA,A2MMZJM1,"4500166746",已匹配,焦化厂
波西塔诺,主焦煤|2级|进口|澳洲|GLV Prime,"10000","2611079","4500166893","10",完成,"2026-01-07 22:53:40","2025-12-12 17:07:27","2026-09-08 00:00:00",G3MMZJ8,A2MMZJM2,"4500166893",已匹配,焦化厂
诚信,"1/3焦煤|3级|进口|印尼|NBL","11000","2611064","4500166951","10",完成,"2026-02-10 08:51:55","2026-01-19 22:13:00","2026-09-08 00:00:00",G3MMSYL,A2MMSYM3,"4500166951",已匹配,焦化厂
诚信,"1/3焦煤|3级|进口|印尼|NBL","33000","2611064","4500166951","10",完成,"2026-01-20 19:22:15","2026-01-27 16:55:27","2026-09-08 00:00:00",G3MMSYL,A2MMSYM3,"4500166951",已匹配,焦化厂
诚信,"1/3焦煤|3级|进口|印尼|NBL","11000","2611064","4500166951","10",完成,"2026-02-10 08:50:46","2026-01-19 09:02:13","2026-09-08 00:00:00",G3MMSYL,A2MMSYM3,"4500166951",已匹配,焦化厂
诚信,"1/3焦煤|3级|进口|印尼|NBL","11000","2611064","4500166951","10",完成,"2026-02-10 08:52:24","2026-01-19 09:52:50","2026-09-08 00:00:00",G3MMSYL,A2MMSYM3,"4500166951",已匹配,焦化厂
露丝,"1/3焦煤|2级|进口|哥伦比亚","33000","2611089","4500167739","10",完成,"2026-01-15 17:16:24","2025-12-29 17:47:45","2026-09-08 00:00:00",G3MMSYK,A2MMSYM2,"4500167739",已匹配,焦化厂
大新华,主焦煤|2级|国内,"10000","2511386","4500167744","10",完成,"2026-01-19 16:33:32","2026-01-27 09:20:11","2026-09-08 00:00:00",G3MMZJD,A2MMZJM2,"4500167744",已匹配,焦化厂
新成功,气煤|进口|E|AEJ,"5000","2611101","4500168864","10",完成,"2026-01-27 10:55:33","2025-12-19 12:40:39","2026-09-08 00:00:00",G3MMQQD,A2MMQQM1,"4500168864",已匹配,焦化厂
山东鑫国,主焦煤|3级|进口|澳洲|Fitzroy CD,"15000","2611110","4500169391","10",完成,"2026-01-30 18:51:02","2025-12-19 20:30:00","2026-09-08 00:00:00",G3MMZJMO,A2MMZJM3,"4500169391",已匹配,焦化厂
山东鑫国,主焦煤|3级|进口|澳洲|Fitzroy CD,"12000","2611110","4500169391","10",完成,"2026-01-30 18:53:04","2025-12-19 11:30:19","2026-09-08 00:00:00",G3MMZJMO,A2MMZJM3,"4500169391",已匹配,焦化厂
迪特里希,主焦煤|1级|进口|加拿大|斯坦达,"25000","2611105","4500169400","10",完成,"2026-01-30 19:23:10","2026-02-06 16:50:36","2026-09-08 00:00:00",G3MMZJA,A2MMZJM1,"4500174314",已匹配,焦化厂
迪特里希,主焦煤|1级|进口|加拿大|斯坦达,"25000","2611105","4500169400","10",完成,"2026-01-30 19:23:10","2026-02-06 16:50:36","2026-09-08 00:00:00",G3MMZJA,A2MMZJM1,"4500169400",已匹配,焦化厂
迪特里希,主焦煤|1级|进口|加拿大|斯坦达,"25000","2611105","4500169400","10",完成,"2026-01-30 19:22:10","2026-02-13 15:12:49","2026-09-08 00:00:00",G3MMZJA,A2MMZJM1,"4500174314",已匹配,焦化厂
迪特里希,主焦煤|1级|进口|加拿大|斯坦达,"26000","2611105","4500169400","10",完成,"2026-01-30 08:23:07","2026-02-06 12:29:08","2026-09-08 00:00:00",G3MMZJA,A2MMZJM1,"4500174314",已匹配,焦化厂
迪特里希,主焦煤|1级|进口|加拿大|斯坦达,"25000","2611105","4500169400","10",完成,"2026-01-30 19:22:10","2026-02-13 15:12:49","2026-09-08 00:00:00",G3MMZJA,A2MMZJM1,"4500169400",已匹配,焦化厂
迪特里希,主焦煤|1级|进口|加拿大|斯坦达,"26000","2611105","4500169400","10",完成,"2026-01-30 08:23:07","2026-02-06 12:29:08","2026-09-08 00:00:00",G3MMZJA,A2MMZJM1,"4500169400",已匹配,焦化厂
山东鑫国,主焦煤|3级|进口|澳洲|Fitzroy CD,"10000","2611118","4500170346","10",完成,"2026-02-12 14:47:41","2025-12-15 20:31:06","2026-09-08 00:00:00",G3MMZJMO,A2MMZJM3,"4500170346",已匹配,焦化厂
山东鑫国,主焦煤|3级|进口|澳洲|Fitzroy CD,"18263","2611118","4500170346","10",完成,"2026-02-12 14:48:17","2025-12-15 22:27:16","2026-09-08 00:00:00",G3MMZJMO,A2MMZJM3,"4500170346",已匹配,焦化厂
新成功,气煤|进口|E|AEJ,"8000","2611122","4500170599","10",完成,"2026-02-13 10:15:36","2025-12-12 10:18:14","2026-09-08 00:00:00",G3MMQQD,A2MMQQM1,"4500170599",已匹配,焦化厂
楼兰,主焦煤|1级|进口|加拿大|瑞峰,"50000","2611114","4500170645","10",完成,"2026-02-14 08:58:26","2026-03-06 16:12:51","2026-09-08 00:00:00",G3MMZJC,A2MMZJM1,"4500170645",已匹配,焦化厂
恒山天空,气煤|进口|E|AEJ,"5000","2611130","4500171212","10",完成,"2026-02-27 09:37:55","2026-02-05 15:39:32","2026-09-08 00:00:00",G3MMQQD,A2MMQQM1,"4500171212",已匹配,焦化厂
兴荣育良,主焦煤|2级|国内,"9905","2611140","4500172157","10",完成,"2026-03-04 14:43:44","2026-04-15 09:07:20","2026-09-08 00:00:00",G3MMZJD,A2MMZJM2,"4500172157",已匹配,焦化厂
维嘉,主焦煤|1级|进口|加拿大|瑞峰,"50000","2611131","4500172217","10",完成,"2026-03-16 11:07:23","2026-03-20 09:34:31","2026-09-08 00:00:00",G3MMZJC,A2MMZJM1,"4500172217",已匹配,焦化厂
新成功,气煤|进口|E|AEJ,"10000","2611142","4500173061","10",完成,"2026-03-12 18:50:07","2025-12-12 14:33:34","2026-09-08 00:00:00",G3MMQQD,A2MMQQM1,"4500173061",已匹配,焦化厂
锦航达舟,主焦煤|2级|国内,"19563","2611145","4500173184","10",完成,"2026-03-07 09:09:07","2026-03-15 09:11:59","2026-09-08 00:00:00",G3MMZJD,A2MMZJM2,"4500173184",已匹配,焦化厂
艾瑞娜,主焦煤|1级|进口|加拿大|瑞峰,"50000","2611138","4500173421","10",完成,"2026-03-17 15:35:02","2026-04-10 11:31:21","2026-09-08 00:00:00",G3MMZJC,A2MMZJM1,"4500173421",已匹配,焦化厂
高远胜利,气煤|进口|E|GZHO,"3000","2611146","4500173440","10",完成,"2026-03-17 14:42:46","2026-02-28 17:04:14","2026-09-08 00:00:00",G3MMQQF,A2MMQQM2,"4500173440",已匹配,焦化厂
鹰角,主焦煤|3级|进口|加拿大|CONUMA PREMIUM,"22924","2611148","4500173829","10",完成,"2026-03-20 17:24:50","2026-01-09 18:04:36","2026-09-08 00:00:00",G3MMZJW,A2MMZJM3,"4500173829",已匹配,焦化厂
迪特里希,主焦煤|1级|进口|加拿大|斯坦达,"96063","2611156","4500174904","10",完成,"2026-04-16 15:48:59","2026-04-08 16:11:41","2026-09-08 00:00:00",G3MMZJA,A2MMZJM1,"4500174904",已匹配,焦化厂
迪特里希,主焦煤|1级|进口|加拿大|斯坦达,"96063","2611156","4500174904","10",完成,"2026-04-01 17:47:41","2026-04-10 11:31:31","2026-09-08 00:00:00",G3MMZJA,A2MMZJM1,"4500174904",已匹配,焦化厂
新成功,气煤|进口|E|AEJ,"10000","2611162","4500175286","10",完成,"2026-04-04 23:31:33","2025-12-12 09:18:41","2026-09-08 00:00:00",G3MMQQD,A2MMQQM1,"4500175286",已匹配,焦化厂
冬青海,气煤|进口|E|AEJ,"7000","2611166","4500176068","10",完成,"2026-04-13 16:07:55","2026-07-01 14:14:01","2026-09-08 00:00:00",G3MMQQD,A2MMQQM1,"4500176068",已匹配,焦化厂
亚圣,主焦煤|3级|进口|澳洲|Fitzroy CD,"15000","2611160","4500176282","10",完成,"2026-04-16 15:48:50","2025-06-27 16:17:14","2026-09-08 00:00:00",G3MMZJMO,A2MMZJM3,"4500176282",已匹配,焦化厂
锦航联合,主焦煤|2级|国内,"19910","2611172","4500176408","10",完成,"2026-04-15 09:51:26","2026-07-03 16:11:18","2026-09-08 00:00:00",G3MMZJD,A2MMZJM2,"4500176408",已匹配,焦化厂
中达华星,主焦煤|3级|进口|蒙古5#,"20752.5","2611171","4500176511","10",完成,"2026-04-22 11:28:14","2026-07-03 16:10:36","2026-09-08 00:00:00",G3MMZJME,A2MMZJM3,"4500176511",已匹配,焦化厂
中天启航,主焦煤|2级|国内,"21150","2611176","4500177162","10",完成,"2026-06-02 17:52:41","2026-06-01 05:15:49","2026-09-08 00:00:00",G3MMZJD,A2MMZJM2,"4500182663",已匹配,焦化厂
中天启航,主焦煤|2级|国内,"21150","2611176","4500177162","10",完成,"2026-06-02 17:52:41","2026-06-01 05:15:49","2026-09-08 00:00:00",G3MMZJD,A2MMZJM2,"4500177162",已匹配,焦化厂
诺德,主焦煤|1级|进口|加拿大|斯坦达,"80688","2611180","4500177347","10",完成,"2026-04-23 16:12:35","2026-05-09 17:55:59","2026-09-08 00:00:00",G3MMZJA,A2MMZJM1,"4500177347",已匹配,焦化厂
诺德,主焦煤|1级|进口|加拿大|斯坦达,"80688","2611180","4500177347","10",完成,"2026-05-13 10:44:47","2026-05-09 17:20:32","2026-09-08 00:00:00",G3MMZJA,A2MMZJM1,"4500177347",已匹配,焦化厂
鑫海昌盛,肥煤|进口|E|ZH,"20000","2611178","4500177364","10",完成,"2026-04-28 09:34:17","2026-04-24 12:25:13","2026-09-08 00:00:00",G3MMFFA,A2MMFFM1,"4500177364",已匹配,焦化厂
扬子901,主焦煤|3级|进口|澳洲|Fitzroy CD,"15000","2611174","4500177539","10",完成,"2026-04-30 09:40:25","2026-01-16 09:22:00","2026-09-08 00:00:00",G3MMZJMO,A2MMZJM3,"4500177539",已匹配,焦化厂
王牌,气煤|进口|E|AEJ,"14972","2611181","4500177565","10",完成,"2026-04-30 09:16:09","2026-04-24 21:15:33","2026-09-08 00:00:00",G3MMQQD,A2MMQQM1,"4500177565",已匹配,焦化厂
高远胜利,气煤|进口|E|GZHO,"5000","2611183","4500177751","10",完成,"2026-04-30 17:20:15","2026-02-27 11:23:52","2026-09-08 00:00:00",G3MMQQF,A2MMQQM2,"4500177751",已匹配,焦化厂
荣耀之鹰,主焦煤|1级|进口|加拿大|瑞峰,"50000","2611188","4500178498","10",完成,"2026-05-13 10:45:14","2026-05-25 12:20:35","2026-09-08 00:00:00",G3MMZJC,A2MMZJM1,"4500178498",已匹配,焦化厂
荣耀之鹰,主焦煤|1级|进口|加拿大|瑞峰,"50000","2611188","4500178498","10",完成,"2026-06-01 20:17:38","2026-05-30 12:50:21","2026-09-08 00:00:00",G3MMZJC,A2MMZJM1,"4500178498",已匹配,焦化厂
众合顺,肥煤|进口|E|ZH,"14558","2611192","4500178955","10",完成,"2026-07-03 16:08:43","2026-07-03 16:10:22","2026-09-08 00:00:00",G3MMFFA,A2MMFFM1,"4500178955",已匹配,焦化厂
亚圣,主焦煤|3级|进口|澳洲|Fitzroy CD,"9000","2611194","4500179268","10",完成,"2026-05-18 15:31:49","2025-06-27 21:54:27","2026-09-08 00:00:00",G3MMZJMO,A2MMZJM3,"4500179268",已匹配,焦化厂
王牌,气煤|进口|E|AEJ,"17591","2611195","4500179272","10",完成,"2026-05-18 15:10:57","2026-04-24 15:25:58","2026-09-08 00:00:00",G3MMQQD,A2MMQQM1,"4500179272",已匹配,焦化厂
第一玛歌,"1/3焦煤|2级|进口|哥伦比亚","10000","2611200","4500180116","10",完成,"2026-05-26 15:27:57","2026-05-08 10:28:38","2026-09-08 00:00:00",G3MMSYK,A2MMSYM2,"4500180116",已匹配,焦化厂
扬子901,主焦煤|3级|进口|澳洲|Fitzroy CD,"20000","2611193","4500180238","10",完成,"2026-05-26 18:45:11","2026-01-16 11:40:22","2026-09-08 00:00:00",G3MMZJMO,A2MMZJM3,"4500180238",已匹配,焦化厂
明联,"1/3焦煤|2级|进口|印尼","10000","2611206","4500180479","10",完成,"2026-06-02 16:22:32","2026-01-23 18:55:43","2026-09-08 00:00:00",G3MMSYN,A2MMSYM2,"4500180479",已匹配,焦化厂
炜业18,主焦煤|2级|国内,"14902","2611209","4500180614","10",完成,"2026-05-27 17:13:00","2026-06-02 09:26:24","2026-09-08 00:00:00",G3MMZJD,A2MMZJM2,"4500180614",已匹配,焦化厂
扬子901,主焦煤|3级|进口|澳洲|Fitzroy CD,"20000","2611199","4500181366","10",完成,"2026-06-11 08:43:18","2026-01-16 08:47:44","2026-09-08 00:00:00",G3MMZJMO,A2MMZJM3,"4500181366",已匹配,焦化厂
锦航力鲲,主焦煤|1级|进口|蒙古5#,"20000","2611218","4500181899","10",完成,"2026-06-10 16:18:48",,"2026-09-08 00:00:00",G3MMZJR,A2MMZJM1,"4500181899",已匹配,焦化厂
大永恒,气煤|进口|E|AEJ,"5000","2611221","4500181972","10",完成,"2026-06-10 17:26:34","2026-07-01 14:14:10","2026-09-08 00:00:00",G3MMQQD,A2MMQQM1,"4500181972",已匹配,焦化厂
明联,"1/3焦煤|2级|进口|印尼","17000","2611222","4500182350","10",完成,"2026-06-12 17:18:49","2026-01-23 11:50:31","2026-09-08 00:00:00",G3MMSYN,A2MMSYM3,"4500182350",已匹配,焦化厂
清水河,主焦煤|1级|进口|加拿大|瑞峰,"25000","2611211","4500183172","10",完成,"2026-07-03 16:10:13","2026-07-20 08:25:13","2026-09-08 00:00:00",G3MMZJC,A2MMZJM1,"4500183172",已匹配,焦化厂
清水河,主焦煤|1级|进口|加拿大|瑞峰,"20000","2611211","4500183172","10",完成,"2026-06-26 20:32:36","2026-07-20 08:24:58","2026-09-08 00:00:00",G3MMZJC,A2MMZJM1,"4500183172",已匹配,焦化厂
明友,主焦煤|1级|进口|蒙古5#,"12000","2611227","4500183427","10",完成,"2026-07-06 10:57:24","2026-04-17 12:14:50","2026-09-08 00:00:00",G3MMZJR,A2MMZJM1,"4500183427",已匹配,焦化厂
瑞海,主焦煤|2级|进口|澳洲|GLV Prime,"20000","2611230","4500183846","10",完成,"2026-06-26 20:35:48","2026-08-03 15:07:35","2026-09-08 00:00:00",G3MMZJ8,A2MMZJM2,"4500183846",已匹配,焦化厂
瑞海,主焦煤|2级|进口|澳洲|GLV Prime,"20000","2611230","4500183846","10",完成,"2026-07-03 16:09:07","2026-08-03 15:07:51","2026-09-08 00:00:00",G3MMZJ8,A2MMZJM2,"4500183846",已匹配,焦化厂
瑞海,主焦煤|2级|进口|澳洲|GLV Prime,"20000","2611230","4500183846","10",完成,"2026-08-24 08:17:02","2026-08-03 17:04:06","2026-09-08 00:00:00",G3MMZJ8,A2MMZJM2,"4500183846",已匹配,焦化厂
流星,主焦煤|3级|进口|澳洲|Daunia,"20000","2611229","4500183849","10",完成,"2026-06-29 12:04:00","2026-06-20 12:09:44","2026-09-08 00:00:00",G3MMZJMH,A2MMZJM3,"4500183849",已匹配,焦化厂
流星,主焦煤|3级|进口|澳洲|Daunia,"20000","2611229","4500183849","10",完成,"2026-07-03 16:24:02","2026-07-03 16:24:39","2026-09-08 00:00:00",G3MMZJMH,A2MMZJM3,"4500183849",已匹配,焦化厂
金色东方,"1/3焦煤|3级|进口|E|GJ","5000","2611224","4500183850","10",完成,"2026-08-26 15:31:11","2026-06-04 15:52:36","2026-09-08 00:00:00",G3MMSYO,A2MMSYM3,"4500183850",已匹配,焦化厂
金色东方,"1/3焦煤|3级|进口|E|GJ","5000","2611224","4500183850","10",完成,"2026-06-29 18:38:57","2026-06-05 11:54:26","2026-09-08 00:00:00",G3MMSYO,A2MMSYM3,"4500183850",已匹配,焦化厂
金牛,气煤|进口|E|AEJ,"12000","2611233","4500184149","10",完成,"2026-07-01 14:21:27","2026-07-22 17:47:58","2026-09-08 00:00:00",G3MMQQD,A2MMQQM1,"4500184149",已匹配,焦化厂
鑫泰达,主焦煤|1级|国内,"19920.32","2611246","4500184914","10",完成,"2026-07-09 10:08:35","2026-07-08 21:37:47","2026-09-08 00:00:00",G3MMZJ1,A2MMZJM1,"4500184914",已匹配,焦化厂
禄通,主焦煤|1级|进口|加拿大|普瑞,"25466","2611250","4500185492","10",完成,"2026-07-31 16:39:29","2026-07-31 11:22:27","2026-09-08 00:00:00",G3MMZJML,A2MMZJM1,"4500185492",已匹配,焦化厂
禄通,主焦煤|1级|进口|加拿大|普瑞,"25000","2611250","4500185492","10",完成,"2026-07-31 16:46:56","2026-08-12 16:42:31","2026-09-08 00:00:00",G3MMZJML,A2MMZJM1,"4500185492",已匹配,焦化厂
禄通,主焦煤|1级|进口|加拿大|普瑞,"20000","2611250","4500185492","10",完成,"2026-07-31 16:46:07","2026-07-31 11:22:16","2026-09-08 00:00:00",G3MMZJML,A2MMZJM1,"4500185492",已匹配,焦化厂
禄通,主焦煤|1级|进口|加拿大|普瑞,"20000","2611250","4500185492","10",完成,"2026-07-31 16:54:37","2026-08-12 16:42:40","2026-09-08 00:00:00",G3MMZJML,A2MMZJM1,"4500185492",已匹配,焦化厂
环球,主焦煤|3级|进口|澳洲|Fitzroy CD,"10000","2611260","4500185879","10",完成,"2026-08-01 12:01:15","2026-07-15 21:01:03","2026-09-08 00:00:00",G3MMZJMO,A2MMZJM3,"4500185879",已匹配,焦化厂
第一玛歌,"1/3焦煤|2级|进口|哥伦比亚","10000","2611262","4500185883","10",完成,"2026-07-21 10:07:59","2026-05-08 10:36:41","2026-09-08 00:00:00",G3MMSYK,A2MMSYM2,"4500185883",已匹配,焦化厂
第一玛歌,"1/3焦煤|2级|进口|哥伦比亚","10000","2611262","4500185883","10",完成,"2026-07-21 10:08:19","2026-05-08 10:27:17","2026-09-08 00:00:00",G3MMSYK,A2MMSYM2,"4500185883",已匹配,焦化厂
马尔凯洛,主焦煤|1级|进口|加拿大|普瑞,"25000","2611263","4500185970","10",完成,"2026-08-21 12:10:56","2026-08-11 16:32:34","2026-09-08 00:00:00",G3MMZJML,A2MMZJM1,"4500185970",已匹配,焦化厂
马尔凯洛,主焦煤|1级|进口|加拿大|普瑞,"25517","2611263","4500185970","10",完成,"2026-08-21 12:10:48","2026-08-11 16:32:54","2026-09-08 00:00:00",G3MMZJML,A2MMZJM1,"4500185970",已匹配,焦化厂
轩海16,主焦煤|3级|进口|澳大利亚,"7000","2611266","4500186272","10",完成,"2026-07-24 10:54:02","2026-04-21 17:20:40","2026-09-08 00:00:00",G3MMZJN,A2MMSJM2,"4500186272",已匹配,焦化厂
流星,主焦煤|3级|进口|澳洲|Daunia,"15000","2611267","4500186364","10",完成,"2026-07-25 01:01:57","2026-06-19 16:06:56","2026-09-08 00:00:00",G3MMZJMH,A2MMZJM3,"4500186364",已匹配,焦化厂
金牛,气煤|进口|E|AEJ,"11200","2611273","4500186956","10",完成,"2026-07-01 17:33:33","2026-07-17 15:15:06","2026-09-08 00:00:00",G3MMQQD,A2MMQQM1,"4500186956",已匹配,焦化厂
吉利女神,主焦煤|3级|进口|澳洲|Daunia,"20000","2611277","4500187176","10",完成,"2026-08-05 17:53:23","2026-07-31 18:20:01","2026-09-08 00:00:00",G3MMZJMH,A2MMZJM3,"4500187176",已匹配,焦化厂
牵牛星,瘦焦煤|2级|进口|澳大利亚|半山,"10000","2611279","4500187241","10",完成,"2026-08-05 17:19:06","2026-06-05 11:33:46","2026-09-08 00:00:00",G3MMSJ5,A2MMSJM2,"4500187241",已匹配,焦化厂
贾巴尔,"1/3焦煤|2级|进口|哥伦比亚","10000","2611286","4500187279","10",完成,,,"2026-09-08 00:00:00",G3MMSYK,A2MMSYM2,"4500187279",已匹配,焦化厂
皇家印象,气煤|进口|印尼|KSM,"10000","2611292","4500187513","10",完成,"2026-08-13 09:52:59","2026-08-14 09:49:12","2026-09-08 00:00:00",G3MMQQG,A2MMQQM1,"4500187513",已匹配,焦化厂
振希宝兴,气煤|进口|E|AEJ,"12000","2611295","4500187607","10",完成,"2026-08-13 09:53:43","2026-08-26 16:22:38","2026-09-08 00:00:00",G3MMQQD,A2MMQQM1,"4500187607",已匹配,焦化厂
金色东方,"1/3焦煤|3级|进口|E|GJ","10000","2611305","4500187745","10",完成,"2026-08-13 20:16:12","2026-06-05 21:43:09","2026-09-08 00:00:00",G3MMSYO,A2MMSYM3,"4500187745",已匹配,焦化厂
吉利女神,主焦煤|3级|进口|澳洲|Daunia,"10000","2611298","4500187795","10",完成,"2026-08-14 14:24:35","2026-07-31 18:20:06","2026-09-08 00:00:00",G3MMZJMH,A2MMZJM3,"4500187795",已匹配,焦化厂
亚圣,主焦煤|3级|进口|澳洲|FitzroyCD,"10000","2611300","4500187797","10",完成,"2026-08-25 16:58:30","2026-02-27 21:40:29","2026-09-08 00:00:00",G3MMZJMO,A2MMZJM3,"4500187797",已匹配,焦化厂
亚圣,主焦煤|3级|进口|澳洲|FitzroyCD,"10000","2611300","4500187797","10",完成,"2026-08-25 16:58:37","2026-02-27 20:29:11","2026-09-08 00:00:00",G3MMZJMO,A2MMZJM3,"4500187797",已匹配,焦化厂
亚圣,主焦煤|3级|进口|澳洲|FitzroyCD,"10000","2611300","4500187797","10",完成,"2026-08-25 16:58:18","2026-02-27 21:41:59","2026-09-08 00:00:00",G3MMZJMO,A2MMZJM3,"4500187797",已匹配,焦化厂
亚力山德拉,"1/3焦煤|3级|进口|E|GZH","11000","2611297","4500188360","10",完成,"2026-08-21 17:18:31","2026-02-02 14:41:36","2026-09-08 00:00:00",G3MMSYP,A2MMSYM3,"4500188360",已匹配,焦化厂
亚力山德拉,"1/3焦煤|3级|进口|E|GZH","11000","2611297","4500188360","10",完成,"2026-08-21 17:17:44","2026-02-02 23:09:07","2026-09-08 00:00:00",G3MMSYP,A2MMSYM3,"4500188360",已匹配,焦化厂
壮丽和谐,主焦煤|3级|进口|澳洲|Fitzroy CD,"12000","2611312","4500188965","10",完成,"2026-08-28 18:20:12","2026-08-07 18:27:31","2026-09-08 00:00:00",G3MMZJMO,A2MMZJM3,"4500188965",已匹配,焦化厂
马尔凯洛,主焦煤|1级|进口|加拿大|普瑞,"30000","2611323","4500189582","10",完成,"2026-08-21 12:10:42","2026-08-11 23:05:52","2026-09-08 00:00:00",G3MMZJML,A2MMZJM1,"4500189582",已匹配,焦化厂
